case	status	evidence
LDR-001	BLOCKED_EXTERNAL	PDRL_SONAME_AND_LOADER_CONTRACT_REQUIRED
LDR-002	BLOCKED_EXTERNAL	PDRL_BAD_LIBRARY_FIXTURE_REQUIRED
LDR-003	BLOCKED_EXTERNAL	PDRL_BOOTSTRAP_SYMBOL_REQUIRED
LDR-004	BLOCKED_EXTERNAL	PDRL_ABI_FIXTURE_REQUIRED
LDR-005	BLOCKED_EXTERNAL	PDRL_NATIVE_INITIALIZE_CONTRACT_REQUIRED
LDR-006	BLOCKED_EXTERNAL	APPROVED_VALID_PDRL_REQUIRED
LDR-007	BLOCKED_EXTERNAL	PDRL_CALLBACK_AND_SHUTDOWN_CONTRACT_REQUIRED
LDR-008	PASS	REL-ACC-05,PRODUCT_INSTALL_TREE
LDR-009	PASS	PUBLIC_API_HAS_NO_PROVIDER_PATH_OVERRIDE
